"variable","rmse"
"single",8997.34358513501
"external",10295.2531201171
"external_extended",9823.528131643
